Date,Description,Money_in,Money_out,Balance
01/08/2018,"B.C THAI RESTAURANT (VIA GOOGLE PAY), ON 30-07-2018",,30,1448.62
04/07/2018,"BAGEL FACTORY (VIA GOOGLE PAY), ON 02-07-2018",,6.09,863.89
28/11/2018,"BANK GIRO CREDIT REF 1E LIMITED, 1E LTD",150,,543.15
10/10/2018,"BANK GIRO CREDIT REF SLC DISBURSEMENTS, 18129719932",1696.2,,2267.07
27/12/2018,"BILL PAYMENT FROM MISS CLARE LOUISE THOMSON, REFERENCE THEBASMAS",10,,321.31
06/08/2018,"BILL PAYMENT FROM MISS LAURA JANE PENMAN, REFERENCE PT LPenman",550,,3136.35
30/07/2018,"BILL PAYMENT FROM MISS LAURA JANE PENMAN, REFERENCE PT Session",25,,1666.44
01/10/2018,"BILL PAYMENT FROM MISS ROXANNE HANNAH HUGHES, REFERENCE R HUGHES INTRO FEE",695,,822.35
24/09/2018,"BILL PAYMENT FROM MISS ROXANNE HANNAH HUGHES, REFERENCE R Hughes intro fee",25,,176.81
31/08/2018,"BILL PAYMENT FROM MR JOHN MURPHY, REFERENCE JOHN MURPHY",50,,96.21
23/07/2018,"BILL PAYMENT FROM MR JOHN MURPHY, REFERENCE JOHN MURPHY",600,,789.76
01/11/2018,"BILL PAYMENT TO C L THOMSON REFERENCE CRUISE, MANDATE NO 0063",,55,630.32
14/12/2018,"BILL PAYMENT TO MUM REFERENCE THANKS, MANDATE NO 0046",,50,548.02
09/10/2018,"BILL PAYMENT VIA FASTER PAYMENT TO A DYET REFERENCE COOKHAM , MANDATE NO 60",,14,570.87
09/10/2018,"BILL PAYMENT VIA FASTER PAYMENT TO A DYET REFERENCE COOKHAM , MANDATE NO 60",,200,384.87
01/10/2018,"BILL PAYMENT VIA FASTER PAYMENT TO A DYET REFERENCE COOKHAM , MANDATE NO 60",,250,762.11
03/09/2018,"BILL PAYMENT VIA FASTER PAYMENT TO A DYET REFERENCE COOKHAM , MANDATE NO 60",,300,356.11
01/09/2018,"BILL PAYMENT VIA FASTER PAYMENT TO A DYET REFERENCE COOKHAM , MANDATE NO 60",,370,326.21
06/08/2018,"BILL PAYMENT VIA FASTER PAYMENT TO A DYET REFERENCE COOKHAM , MANDATE NO 60",,200,2162.35
02/07/2018,"BILL PAYMENT VIA FASTER PAYMENT TO A DYET REFERENCE COOKHAM , MANDATE NO 60",,100,1363.92
14/11/2018,"BILL PAYMENT VIA FASTER PAYMENT TO C L THOMSON REFERENCE PRICEY BJ , MANDATE NO 41",,98.05,1194.95
04/12/2018,"BILL PAYMENT VIA FASTER PAYMENT TO EDDIE REFERENCE LE FREAK , MANDATE NO 42",,17.5,531.31
17/09/2018,"BILL PAYMENT VIA FASTER PAYMENT TO JASLENA KAUR REFERENCE COTTAGING , MANDATE NO 39",,10,198.28
16/07/2018,"BILL PAYMENT VIA FASTER PAYMENT TO JASLENA KAUR REFERENCE COTTAGING , MANDATE NO 39",,24,626.46
12/12/2018,"BILL PAYMENT VIA FASTER PAYMENT TO JESSICA DENNING REFERENCE MR V WILLIAMS , MANDATE NO 16",,100,618.32
03/12/2018,"BILL PAYMENT VIA FASTER PAYMENT TO JESSICA DENNING REFERENCE MR V WILLIAMS , MANDATE NO 16",,148,303.32
30/11/2018,"BILL PAYMENT VIA FASTER PAYMENT TO JESSICA DENNING REFERENCE MR V WILLIAMS , MANDATE NO 16",,13.99,459.72
20/11/2018,"BILL PAYMENT VIA FASTER PAYMENT TO JESSICA DENNING REFERENCE MR V WILLIAMS , MANDATE NO 16",,500,1083.54
09/11/2018,"BILL PAYMENT VIA FASTER PAYMENT TO JESSICA DENNING REFERENCE MR V WILLIAMS , MANDATE NO 16",,148,737.47
30/10/2018,"BILL PAYMENT VIA FASTER PAYMENT TO JESSICA DENNING REFERENCE MR V WILLIAMS , MANDATE NO 16",,9.99,338.86
22/10/2018,"BILL PAYMENT VIA FASTER PAYMENT TO JESSICA DENNING REFERENCE MR V WILLIAMS , MANDATE NO 16",,18.99,1708.52
18/10/2018,"BILL PAYMENT VIA FASTER PAYMENT TO JESSICA DENNING REFERENCE MR V WILLIAMS , MANDATE NO 16",,500,1937.08
09/10/2018,"BILL PAYMENT VIA FASTER PAYMENT TO JESSICA DENNING REFERENCE MR V WILLIAMS , MANDATE NO 16",,200,584.87
04/10/2018,"BILL PAYMENT VIA FASTER PAYMENT TO JESSICA DENNING REFERENCE MR V WILLIAMS , MANDATE NO 16",,700,418.79
02/10/2018,"BILL PAYMENT VIA FASTER PAYMENT TO JESSICA DENNING REFERENCE MR V WILLIAMS , MANDATE NO 16",,300,872.29
01/10/2018,"BILL PAYMENT VIA FASTER PAYMENT TO JESSICA DENNING REFERENCE MR V WILLIAMS , MANDATE NO 16",,48,774.35
01/10/2018,"BILL PAYMENT VIA FASTER PAYMENT TO JESSICA DENNING REFERENCE MR V WILLIAMS , MANDATE NO 16",,100,127.35
25/09/2018,"BILL PAYMENT VIA FASTER PAYMENT TO JESSICA DENNING REFERENCE MR V WILLIAMS , MANDATE NO 16",,85,181.81
15/09/2018,"BILL PAYMENT VIA FASTER PAYMENT TO JESSICA DENNING REFERENCE MR V WILLIAMS , MANDATE NO 16",,50,208.28
01/09/2018,"BILL PAYMENT VIA FASTER PAYMENT TO JESSICA DENNING REFERENCE MR V WILLIAMS , MANDATE NO 16",,150,176.21
01/08/2018,"BILL PAYMENT VIA FASTER PAYMENT TO JESSICA DENNING REFERENCE MR V WILLIAMS , MANDATE NO 16",,148,1300.62
01/08/2018,"BILL PAYMENT VIA FASTER PAYMENT TO JESSICA DENNING REFERENCE MR V WILLIAMS , MANDATE NO 16",,25,1522.15
18/07/2018,"BILL PAYMENT VIA FASTER PAYMENT TO JESSICA DENNING REFERENCE MR V WILLIAMS , MANDATE NO 16",,18,429.59
11/07/2018,"BILL PAYMENT VIA FASTER PAYMENT TO JESSICA DENNING REFERENCE MR V WILLIAMS , MANDATE NO 16",,70,1000.89
13/11/2018,"BILL PAYMENT VIA FASTER PAYMENT TO LUCY LEFAYE REFERENCE HOTEL INDI MIMI , MANDATE NO 36",,80,1087.58
13/12/2018,"BILL PAYMENT VIA FASTER PAYMENT TO OMNI H&F REFERENCE SESSIONS , MANDATE NO 67",,15,598.02
04/12/2018,"BILL PAYMENT VIA FASTER PAYMENT TO OMNI H&F REFERENCE SESSIONS , MANDATE NO 67",,45,48.81
24/11/2018,"BILL PAYMENT VIA FASTER PAYMENT TO OMNI H&F REFERENCE SESSIONS , MANDATE NO 67",,60,1461.44
15/11/2018,"BILL PAYMENT VIA FASTER PAYMENT TO OMNI H&F REFERENCE SESSIONS , MANDATE NO 67",,45,1699.95
08/09/2018,"BILL PAYMENT VIA FASTER PAYMENT TO RENT REFERENCE RENT , MANDATE NO 65",,550,199.31
21/08/2018,"BILL PAYMENT VIA FASTER PAYMENT TO RENT REFERENCE RENT , MANDATE NO 65",,550,17.15
04/12/2018,"BILL PAYMENT VIA FASTER PAYMENT TO SEBASTIAN EDWARD REFERENCE STP HMD , MANDATE NO 66",,10,93.81
25/09/2018,"BILL PAYMENT VIA FASTER PAYMENT TO SEBASTIAN EDWARD REFERENCE STP HMD , MANDATE NO 66",,25,156.81
11/07/2018,"CABLE CAFE (VIA GOOGLE PAY), ON 09-07-2018",,3.8,1100.72
28/08/2018,"CARD PAYMENT TO AER IBIZA HOSTELERIA,20.30 EUR, RATE 0.90/GBP ON 26-08-2018 NON-STERLING T",,18.89,121.43
24/08/2018,"CARD PAYMENT TO ARMADILLO 1931,20.85 GBP, RATE 1.00/GBP ON 22-08-2018",,20.85,500.62
20/07/2018,"CARD PAYMENT TO BAGEL FACTORY,1.65 GBP, RATE 1.00/GBP ON 18-07-2018",,1.65,248.22
29/06/2018,"CARD PAYMENT TO BARK.COM,39.60 GBP, RATE 1.00/GBP ON 27-06-2018",,39.6,411.11
27/06/2018,"CARD PAYMENT TO BARK.COM,7.92 GBP, RATE 1.00/GBP ON 25-06-2018",,7.92,595.84
29/06/2018,"CARD PAYMENT TO BARK.COM,7.92 GBP, RATE 1.00/GBP ON 27-06-2018",,7.92,403.19
27/07/2018,"CARD PAYMENT TO BARK.COM,71.28 GBP, RATE 1.00/GBP ON 25-07-2018",,71.28,1066.62
18/12/2018,"CARD PAYMENT TO BOHO BAR,55.00 EUR, RATE 0.90/GBP ON 15-12-2018 NON-STERLING TRANSACTION F",,50.91,277.14
18/12/2018,"CARD PAYMENT TO BOITE,30.00 EUR, RATE 0.90/GBP ON 15-12-2018 NON-STERLING TRANSACTION FEE",,27.77,248.12
24/08/2018,"CARD PAYMENT TO BOOTS,14.24 GBP, RATE 1.00/GBP ON 22-08-2018",,14.24,463.43
24/08/2018,"CARD PAYMENT TO BOOTS,3.89 GBP, RATE 1.00/GBP ON 22-08-2018",,3.89,459.54
18/12/2018,"CARD PAYMENT TO BRASSERIE ANTOINETTE,55.00 EUR, RATE 0.90/GBP ON 15-12-2018 NON-STERLING T",,50.91,129.14
26/06/2018,"CARD PAYMENT TO BRISAS DEL CARIBE,22.29 GBP, RATE 1.00/GBP ON 24-06-2018",,22.29,639.63
04/12/2018,"CARD PAYMENT TO BROWN DERBY,9.80 GBP, RATE 1.00/GBP ON 01-12-2018",,9.8,67.74
03/12/2018,"CARD PAYMENT TO CABLE CAFE,8.40 GBP, RATE 1.00/GBP ON 30-11-2018",,8.4,451.32
28/08/2018,"CARD PAYMENT TO CAN CUCONS CALA VADELLA,,44.25 EUR, RATE 0.90/GBP ON 24-08-2018 NON-STERLI",,41.16,396.04
28/08/2018,"CARD PAYMENT TO CHIRIN GAY,23.00 EUR, RATE 0.90/GBP ON 25-08-2018 NON-STERLING TRANSACTION",,21.39,318.01
28/08/2018,"CARD PAYMENT TO CHIRIN GAY,43.00 EUR, RATE 0.90/GBP ON 25-08-2018 NON-STERLING TRANSACTION",,40,276.76
10/08/2018,CARD PAYMENT TO CO-OP GROUP 500073 ON 2018-08-08,,30.52,751.7
29/08/2018,"CARD PAYMENT TO CO-OP GROUP 500073,30.30 GBP, RATE 1.00/GBP ON 27-08-2018",,30.3,67.74
17/10/2018,"CARD PAYMENT TO CO-OP GROUP FOOD,11.19 GBP, RATE 1.00/GBP ON 15-10-2018",,11.19,2437.08
10/08/2018,"CARD PAYMENT TO CO-OP GROUP FOOD,15.40 GBP, RATE 1.00/GBP ON 08-08-2018",,15.4,736.3
02/10/2018,"CARD PAYMENT TO CO-OP GROUP FOOD,18.03 GBP, RATE 1.00/GBP ON 29-09-2018",,18.03,1222.29
07/09/2018,"CARD PAYMENT TO CO-OP GROUP FOOD,5.62 GBP, RATE 1.00/GBP ON 05-09-2018",,5.62,223.76
07/08/2018,"CARD PAYMENT TO CO-OPERATIVE FOOD,18.58 GBP, RATE 1.00/GBP ON 05-08-2018",,18.58,1904
08/08/2018,"CARD PAYMENT TO COSTA BICESTER,1.35 GBP, RATE 1.00/GBP ON 06-08-2018",,1.35,1383.51
29/10/2018,"CARD PAYMENT TO CURZON SOHO,10.35 GBP, RATE 1.00/GBP ON 26-10-2018",,10.35,79.8
29/10/2018,"CARD PAYMENT TO CURZON SOHO,10.35 GBP, RATE 1.00/GBP ON 26-10-2018",,10.35,90.15
30/11/2018,"CARD PAYMENT TO CURZON SOHO,2.30 GBP, RATE 1.00/GBP ON 28-11-2018",,2.3,478.51
17/07/2018,"CARD PAYMENT TO DART-CHARGE,3.00 GBP, RATE 1.00/GBP ON 15-07-2018",,3,575.41
31/12/2018,"CARD PAYMENT TO DELIVEROO.CO.UK,45.49 GBP, RATE 1.00/GBP ON 28-12-2018",,45.49,812.19
02/01/2019,"CARD PAYMENT TO DELIVEROO.CO.UK,52.59 GBP, RATE 1.00/GBP ON 31-12-2018",,52.59,571.48
18/12/2018,"CARD PAYMENT TO DELIVEROO.ES,33.49 EUR, RATE 0.90/GBP ON 15-12-2018 NON-STERLING TRANSACTI",,31,215.87
14/11/2018,"CARD PAYMENT TO EAGLE LONDON,15.80 GBP, RATE 1.00/GBP ON 11-11-2018",,15.8,1236.03
18/07/2018,"CARD PAYMENT TO EAGLE LONDON,21.50 GBP, RATE 1.00/GBP ON 16-07-2018",,21.5,451.99
14/11/2018,"CARD PAYMENT TO EAGLE LONDON,23.50 GBP, RATE 1.00/GBP ON 12-11-2018",,23.5,1212.53
18/07/2018,"CARD PAYMENT TO EAGLE LONDON,4.40 GBP, RATE 1.00/GBP ON 16-07-2018",,4.4,447.59
19/11/2018,"CARD PAYMENT TO EAGLE LONDON,5.10 GBP, RATE 1.00/GBP ON 15-11-2018",,5.1,1097.26
14/12/2018,"CARD PAYMENT TO EB *TG NNYE BALL,37.24 GBP, RATE 1.00/GBP ON 12-12-2018",,37.24,481.15
30/07/2018,"CARD PAYMENT TO EVER FRESH FOOD & WINE,3.37 GBP, RATE 1.00/GBP ON 27-07-2018",,3.37,1646.24
14/08/2018,"CARD PAYMENT TO EXPEDIA 7372728566543,100.00 GBP, RATE 1.00/GBP ON 11-08-2018",,100,186.37
23/07/2018,"CARD PAYMENT TO HAND OF GLORY,4.00 GBP, RATE 1.00/GBP ON 19-07-2018",,4,216.06
02/10/2018,"CARD PAYMENT TO HANGAR,17.00 GBP, RATE 1.00/GBP ON 29-09-2018",,17,1250.32
08/08/2018,"CARD PAYMENT TO HOLLAND & BARRETT,53.52 GBP, RATE 1.00/GBP ON 06-08-2018",,53.52,1384.86
26/06/2018,"CARD PAYMENT TO HOTEL KANESH,1,505.00 DOP, RATE 0.01/GBP ON 22-06-2018 NON-STERLING TRANSA",,23.7,663.17
25/06/2018,"CARD PAYMENT TO HOTEL KANESH,1,925.00 DOP, RATE 0.01/GBP ON 21-06-2018 NON-STERLING TRANSA",,30.32,707.14
21/07/2018,"CARD PAYMENT TO IZ *Hackney Showroom,1.50 GBP, RATE 1.00/GBP ON 19-07-2018",,1.5,238.72
07/09/2018,"CARD PAYMENT TO IZ *Nana Fannys Ltd,8.00 GBP, RATE 1.00/GBP ON 05-09-2018",,8,229.38
16/10/2018,"CARD PAYMENT TO JAFLONG RESTAURANT,24.90 GBP, RATE 1.00/GBP ON 13-10-2018",,24.9,2481.87
30/11/2018,"CARD PAYMENT TO LAS BANDERAS,27.85 GBP, RATE 1.00/GBP ON 28-11-2018",,27.85,480.81
28/06/2018,"CARD PAYMENT TO LE TRE CARAVELLE,5,286.40 DOP, RATE 0.01/GBP ON 22-06-2018 NON-STERLING TR",,83.45,463.59
17/07/2018,"CARD PAYMENT TO LEVY RESTAURANTS UK,40.00 GBP, RATE 1.00/GBP ON 15-07-2018",,40,535.41
31/07/2018,"CARD PAYMENT TO LOCAL SUPERMARKET,33.98 GBP, RATE 1.00/GBP ON 28-07-2018",,33.98,1551.05
29/08/2018,"CARD PAYMENT TO LOL,4.50 EUR, RATE 0.90/GBP ON 25-08-2018 NON-STERLING TRANSACTION FEE 0,1",,4.19,115.99
26/11/2018,"CARD PAYMENT TO LS London Carnaby Stre,59.50 GBP, RATE 1.00/GBP ON 23-11-2018",,59.5,1361.94
18/12/2018,"CARD PAYMENT TO MARKET TIRSO DE,26.36 EUR, RATE 0.90/GBP ON 16-12-2018 NON-STERLING TRANSA",,24.4,103.49
02/10/2018,"CARD PAYMENT TO MARTELLO HALL,15.00 GBP, RATE 1.00/GBP ON 29-09-2018",,15,1267.32
18/12/2018,"CARD PAYMENT TO METRO DE MADRID, S.A. 2,10.00 EUR, RATE 0.90/GBP ON 16-12-2018 NON-STERLIN",,9.26,92.98
17/12/2018,"CARD PAYMENT TO METRO DE MADRID, S.A. 2,7.20 EUR, RATE 0.90/GBP ON 14-12-2018 NON-STERLING",,6.67,431.13
11/12/2018,"CARD PAYMENT TO MIMIS DELI,5.00 GBP, RATE 1.00/GBP ON 09-12-2018",,5,55.21
02/01/2019,"CARD PAYMENT TO MINISTRY OF SOUND,15.00 GBP, RATE 1.00/GBP ON 31-12-2018",,15,624.07
02/01/2019,"CARD PAYMENT TO MINISTRY OF SOUND,34.70 GBP, RATE 1.00/GBP ON 31-12-2018",,34.7,639.07
02/01/2019,"CARD PAYMENT TO MINISTRY OF SOUND,38.90 GBP, RATE 1.00/GBP ON 31-12-2018",,38.9,673.77
17/07/2018,"CARD PAYMENT TO NANBAN,37.06 GBP, RATE 1.00/GBP ON 14-07-2018",,37.06,578.41
27/11/2018,"CARD PAYMENT TO NANBAN,84.37 GBP, RATE 1.00/GBP ON 24-11-2018",,84.37,394.65
12/11/2018,"CARD PAYMENT TO NANDOS SOHO,18.90 GBP, RATE 1.00/GBP ON 09-11-2018",,18.9,407.58
26/06/2018,"CARD PAYMENT TO NATHAN S 2 AEROPUERTO PUT,24.02 USD, RATE 0.75/GBP ON 24-06-2018 NON-STERL",,18.67,688.12
07/08/2018,"CARD PAYMENT TO NBX* MOREFIT PT,150.00 GBP, RATE 1.00/GBP ON 03-08-2018",,150,2971.35
10/07/2018,"CARD PAYMENT TO NBX* MOREFIT PT,150.00 GBP, RATE 1.00/GBP ON 05-07-2018",,150,1722.28
25/08/2018,"CARD PAYMENT TO NBX* MOREFIT PT,150.00 GBP, RATE 1.00/GBP ON 15-08-2018",,150,301.55
20/10/2018,"CARD PAYMENT TO NBX* MOREFIT PT,150.00 GBP, RATE 1.00/GBP ON 17-10-2018",,150,1768.11
27/07/2018,"CARD PAYMENT TO NBX* MOREFIT PT,150.00 GBP, RATE 1.00/GBP ON 24-07-2018",,150,1137.9
01/11/2018,"CARD PAYMENT TO NBX* MOREFIT PT,150.00 GBP, RATE 1.00/GBP ON 29-10-2018",,150,85.32
03/10/2018,"CARD PAYMENT TO NBX* MOREFIT PT,150.00 GBP, RATE 1.00/GBP ON 30-09-2018",,150,582.79
03/11/2018,"CARD PAYMENT TO PAK COSMETICS,14.49 GBP, RATE 1.00/GBP ON 01-11-2018",,14.49,476.83
13/11/2018,"CARD PAYMENT TO PING PONG SBC,44.00 GBP, RATE 1.00/GBP ON 11-11-2018",,44,1006.43
07/12/2018,"CARD PAYMENT TO PIZZA EXPRESS,22.20 GBP, RATE 1.00/GBP ON 05-12-2018",,22.2,134.93
27/08/2018,"CARD PAYMENT TO PIZZERIA BON SOL,27.00 EUR, RATE 0.90/GBP ON 23-08-2018 NON-STERLING TRANS",,25.11,276.44
28/08/2018,"CARD PAYMENT TO PIZZERIA BON SOL,28.00 EUR, RATE 0.90/GBP ON 24-08-2018 NON-STERLING TRANS",,26.05,368.74
23/06/2018,"CARD PAYMENT TO POLA LAS TERRENAS CR,3,438.34 DOP, RATE 0.01/GBP ON 20-06-2018 NON-STERLIN",,54.67,738.71
27/08/2018,"CARD PAYMENT TO POOLBAR,39.50 EUR, RATE 0.90/GBP ON 23-08-2018 NON-STERLING TRANSACTION FE",,36.74,238.45
09/08/2018,"CARD PAYMENT TO RECTORY FARM,23.69 GBP, RATE 1.00/GBP ON 05-08-2018",,23.69,1532.22
26/11/2018,"CARD PAYMENT TO REISS,128.00 GBP, RATE 1.00/GBP ON 23-11-2018",,128,1233.94
16/07/2018,"CARD PAYMENT TO RESIDENT ADVISOR TICKE,45.20 GBP, RATE 1.00/GBP ON 13-07-2018",,45.2,902.93
28/08/2018,"CARD PAYMENT TO RESTAURANTE CALA CONTA,144.00 EUR, RATE 0.90/GBP ON 25-08-2018 NON-STERLIN",,133.94,141.57
19/10/2018,"CARD PAYMENT TO S & V NEWS,7.98 GBP, RATE 1.00/GBP ON 17-10-2018",,7.98,1918.11
16/11/2018,"CARD PAYMENT TO S'LONDON SQUAS,10.00 GBP, RATE 1.00/GBP ON 14-11-2018",,10,1602.36
03/10/2018,"CARD PAYMENT TO SAINSBURYS S/MKTS,16.50 GBP, RATE 1.00/GBP ON 01-10-2018",,16.5,526.79
10/12/2018,"CARD PAYMENT TO SAINSBURYS S/MKTS,5.70 GBP, RATE 1.00/GBP ON 07-12-2018",,5.7,79.38
14/07/2018,"CARD PAYMENT TO SAINSBURYS S/MKTS,7.08 GBP, RATE 1.00/GBP ON 12-07-2018",,7.08,952.93
29/12/2018,"CARD PAYMENT TO SoundCloud,9.99 GBP, RATE 1.00/GBP ON 27-12-2018",,9.99,861.32
30/07/2018,"CARD PAYMENT TO SOUTH LONDON SQUAS,1.00 GBP, RATE 1.00/GBP ON 27-07-2018",,1,1652.74
05/11/2018,"CARD PAYMENT TO SOUTH LONDON SQUAS,10.00 GBP, RATE 1.00/GBP ON 01-11-2018",,10,627.88
04/12/2018,"CARD PAYMENT TO SOUTH LONDON SQUAS,10.00 GBP, RATE 1.00/GBP ON 01-12-2018",,10,77.54
06/11/2018,"CARD PAYMENT TO SOUTH LONDON SQUAS,10.00 GBP, RATE 1.00/GBP ON 02-11-2018",,10,483.68
06/11/2018,"CARD PAYMENT TO SOUTH LONDON SQUAS,10.00 GBP, RATE 1.00/GBP ON 02-11-2018",,10,493.68
07/09/2018,"CARD PAYMENT TO SOUTH LONDON SQUAS,10.00 GBP, RATE 1.00/GBP ON 04-09-2018",,10,255.33
09/10/2018,"CARD PAYMENT TO SOUTH LONDON SQUAS,10.00 GBP, RATE 1.00/GBP ON 07-10-2018",,10,305.41
19/11/2018,"CARD PAYMENT TO SOUTH LONDON SQUAS,10.00 GBP, RATE 1.00/GBP ON 16-11-2018",,10,1087.26
02/07/2018,"CARD PAYMENT TO SOUTH LONDON SQUAS,10.00 GBP, RATE 1.00/GBP ON 28-06-2018",,10,1469.42
02/10/2018,"CARD PAYMENT TO SOUTH LONDON SQUAS,10.00 GBP, RATE 1.00/GBP ON 29-09-2018",,10,1240.32
12/11/2018,"CARD PAYMENT TO SOUTH LONDON SQUAS,20.00 GBP, RATE 1.00/GBP ON 08-11-2018",,20,426.48
03/10/2018,"CARD PAYMENT TO SOUTH LONDON SQUAS,39.50 GBP, RATE 1.00/GBP ON 01-10-2018",,39.5,543.29
27/11/2018,"CARD PAYMENT TO SumUp *Blundell Ltd,9.40 GBP, RATE 1.00/GBP ON 23-11-2018",,9.4,506.67
28/08/2018,"CARD PAYMENT TO SUPERMERCADO CAN PEP TEIX,28.85 EUR, RATE 0.90/GBP ON 25-08-2018 NON-STERL",,26.84,340.65
10/11/2018,"CARD PAYMENT TO Surfdome,65.99 GBP, RATE 1.00/GBP ON 08-11-2018",,65.99,771.48
13/11/2018,"CARD PAYMENT TO SW9 SUSHI BAR LTD,37.15 GBP, RATE 1.00/GBP ON 09-11-2018",,37.15,1050.43
04/12/2018,"CARD PAYMENT TO SW9 SUSHI BAR LTD,41.60 GBP, RATE 1.00/GBP ON 01-12-2018",,41.6,26.14
10/09/2018,"CARD PAYMENT TO TESCO STORES 4634,6.80 GBP, RATE 1.00/GBP ON 07-09-2018",,6.8,192.51
07/09/2018,"CARD PAYMENT TO TESCO STORES 6020,17.95 GBP, RATE 1.00/GBP ON 04-09-2018",,17.95,237.38
05/11/2018,"CARD PAYMENT TO TESCO STORES 6427,17.40 GBP, RATE 1.00/GBP ON 02-11-2018",,17.4,603.68
14/11/2018,"CARD PAYMENT TO TESCO STORES 6427,19.53 GBP, RATE 1.00/GBP ON 12-11-2018",,19.53,1193
19/11/2018,"CARD PAYMENT TO TESCO STORES 6427,34.12 GBP, RATE 1.00/GBP ON 16-11-2018",,34.12,1053.14
03/01/2019,"CARD PAYMENT TO TESCO STORES 6427,37.78 GBP, RATE 1.00/GBP ON 01-01-2019",,37.78,274.71
03/11/2018,"CARD PAYMENT TO TESCO STORES 6427,7.40 GBP, RATE 1.00/GBP ON 01-11-2018",,7.4,437.88
19/11/2018,"CARD PAYMENT TO TESCO STORES 6427,8.60 GBP, RATE 1.00/GBP ON 16-11-2018",,8.6,1044.54
08/08/2018,"CARD PAYMENT TO TFL TRAVEL CH,2.40 GBP, RATE 1.00/GBP ON 06-08-2018",,2.4,1838.38
14/08/2018,"CARD PAYMENT TO TFL TRAVEL CH,2.40 GBP, RATE 1.00/GBP ON 11-08-2018",,2.4,161.41
20/07/2018,"CARD PAYMENT TO TFL TRAVEL CH,2.40 GBP, RATE 1.00/GBP ON 18-07-2018",,2.4,249.87
21/08/2018,"CARD PAYMENT TO TFL TRAVEL CH,3.90 GBP, RATE 1.00/GBP ON 18-08-2018",,3.9,631.1
31/07/2018,"CARD PAYMENT TO TFL TRAVEL CH,3.90 GBP, RATE 1.00/GBP ON 28-07-2018",,3.9,1547.15
14/07/2018,"CARD PAYMENT TO TFL TRAVEL CH,4.80 GBP, RATE 1.00/GBP ON 12-07-2018",,4.8,975.76
21/07/2018,"CARD PAYMENT TO TFL TRAVEL CH,6.80 GBP, RATE 1.00/GBP ON 19-07-2018",,6.8,241.42
29/08/2018,"CARD PAYMENT TO THE KENNINGTON,16.70 GBP, RATE 1.00/GBP ON 27-08-2018",,16.7,98.04
06/11/2018,"CARD PAYMENT TO THE KENNINGTON,49.17 GBP, RATE 1.00/GBP ON 03-11-2018",,49.17,434.51
26/11/2018,"CARD PAYMENT TO THE NORTHERN FACE,40.00 GBP, RATE 1.00/GBP ON 23-11-2018",,40,1421.44
29/10/2018,"CARD PAYMENT TO THE OVAL TANDOORI LIMI,24.15 GBP, RATE 1.00/GBP ON 26-10-2018",,24.15,55.65
27/11/2018,"CARD PAYMENT TO THE RITZY,10.20 GBP, RATE 1.00/GBP ON 24-11-2018",,10.2,479.02
27/11/2018,"CARD PAYMENT TO THE RITZY,10.20 GBP, RATE 1.00/GBP ON 24-11-2018",,10.2,489.22
17/07/2018,"CARD PAYMENT TO THE RITZY,28.20 GBP, RATE 1.00/GBP ON 14-07-2018",,28.2,498.74
17/07/2018,"CARD PAYMENT TO THE RITZY,4.30 GBP, RATE 1.00/GBP ON 14-07-2018",,4.3,494.44
07/08/2018,"CARD PAYMENT TO THE WHITE HORSE INN,22.80 GBP, RATE 1.00/GBP ON 05-08-2018",,22.8,1922.58
28/11/2018,"CARD PAYMENT TO TODAYTIX LTD,30.00 GBP, RATE 1.00/GBP ON 26-11-2018",,30,490.16
27/11/2018,"CARD PAYMENT TO TURTLE BAY,7.25 GBP, RATE 1.00/GBP ON 23-11-2018",,7.25,499.42
01/10/2018,"CARD PAYMENT TO UCL FEES,2,000.00 GBP, RATE 1.00/GBP ON 28-09-2018",,2000,227.35
02/10/2018,"CARD PAYMENT TO UCL FEES,350.00 GBP, RATE 1.00/GBP ON 30-09-2018",,350,872.29
09/08/2018,"CARD PAYMENT TO UCL FEES,700.00 GBP, RATE 1.00/GBP ON 07-08-2018",,700,832.22
07/08/2018,"CARD PAYMENT TO VANGUARD,1,000.00 GBP, RATE 1.00/GBP ON 05-08-2018",,1000,1945.38
24/10/2018,"CARD PAYMENT TO VANGUARD,1,400.00 GBP, RATE 1.00/GBP ON 22-10-2018",,1400,164.46
07/12/2018,"CARD PAYMENT TO VANGUARD,1,750.00 GBP, RATE 1.00/GBP ON 05-12-2018",,1750,157.13
09/08/2018,"CARD PAYMENT TO VANGUARD,100.00 GBP, RATE 1.00/GBP ON 07-08-2018",,100,732.22
09/08/2018,"CARD PAYMENT TO VANGUARD,300.00 GBP, RATE 1.00/GBP ON 07-08-2018",,300,432.22
08/08/2018,"CARD PAYMENT TO VANGUARD,400.00 GBP, RATE 1.00/GBP ON 06-08-2018",,400,1438.38
17/11/2018,"CARD PAYMENT TO VANGUARD,500.00 GBP, RATE 1.00/GBP ON 15-11-2018",,500,1102.36
10/11/2018,"CARD PAYMENT TO VANGUARD,600.00 GBP, RATE 1.00/GBP ON 08-11-2018",,600,171.48
08/08/2018,"CARD PAYMENT TO VISION EXPRESS,10.00 GBP, RATE 1.00/GBP ON 06-08-2018",,10,1373.51
24/08/2018,"CARD PAYMENT TO WAGAMAMA GATWICK NORTH,22.95 GBP, RATE 1.00/GBP ON 22-08-2018",,22.95,477.67
06/07/2018,"CARD PAYMENT TO WLY*COMPLETESAVE.CO.UK,15.00 GBP, RATE 1.00/GBP ON 04-07-2018",,15,836.5
07/08/2018,"CARD PAYMENT TO WLY*COMPLETESAVE.CO.UK,15.00 GBP, RATE 1.00/GBP ON 04-08-2018",,15,3121.35
06/09/2018,"CARD PAYMENT TO WLY*COMPLETESAVE.CO.UK,15.00 GBP, RATE 1.00/GBP ON 04-09-2018",,15,265.33
06/10/2018,"CARD PAYMENT TO WLY*COMPLETESAVE.CO.UK,15.00 GBP, RATE 1.00/GBP ON 04-10-2018",,15,231.23
06/11/2018,"CARD PAYMENT TO WLY*COMPLETESAVE.CO.UK,15.00 GBP, RATE 1.00/GBP ON 04-11-2018",,15,419.51
11/12/2018,"CARD PAYMENT TO WLY*COMPLETESAVE.CO.UK,15.00 GBP, RATE 1.00/GBP ON 09-12-2018",,15,40.21
30/11/2018,"CARD PAYMENT TO WWW.CURZONCINEMAS.COM,31.50 GBP, RATE 1.00/GBP ON 28-11-2018",,31.5,508.66
18/12/2018,"CARD PAYMENT TO YIMBARAN,36.00 EUR, RATE 0.90/GBP ON 15-12-2018 NON-STERLING TRANSACTION F",,33.32,181.3
18/12/2018,"CASH WITHDRAWAL AT ATM 120381847,MADRID,41.75 EUR, RATE 0.90/GBP ON 16-12-2018 NON-STERLI",,38.64,330.04
24/08/2018,"CASH WITHDRAWAL AT ATM Aeropuerto Ibiza,S.J.de Saline,102.67 GBP ON 23-08-2018",,102.67,505.79
27/06/2018,"CASH WITHDRAWAL AT ATM SUC. LAS TERRENAS II,SAMANA,2,150.00 DOP, RATE 0.01/GBP ON 22-06-2",,33.88,605.75
15/10/2018,"CASH WITHDRAWAL AT BARCLAYS BANK PLC ATM BICESTER 1, BICESTER,30.00 GBP , ON 14-10-2018",,30,2582.92
16/07/2018,"CASH WITHDRAWAL AT OMNICASH ATM PAYLESS FOOD&WI, LONDON,101.75 GBP , ON 15-07-2018",,101.75,650.46
12/11/2018,"CASH WITHDRAWAL AT SOUTH WEST TRAI ATM SOUTH WEST TRAI, UK,40.00 GBP , ON 11-11-2018",,40,917.58
18/12/2018,CASH WITHDRAWAL HANDLING CHARGE (% 1.50: MIN £1.99: MAX £20.00: FIX £0.00),,1.99,328.05
27/06/2018,CASH WITHDRAWAL HANDLING CHARGE (% 1.50: MIN £1.99: MAX £20.00: FIX £0.00),,1.99,603.76
08/08/2018,CHEQUE PAID IN AT CHEAPSIDE 69,225,,1583.21
21/11/2018,"CO-OP GROUP 070789 (VIA GOOGLE PAY), ON 19-11-2018",,7.69,975.95
04/10/2018,"CO-OP GROUP 500073 (VIA GOOGLE PAY), ON 02-10-2018",,22.56,146.23
14/07/2018,"CO-OP GROUP 500073 (VIA GOOGLE PAY), ON 12-07-2018",,15.75,960.01
30/08/2018,"CO-OP GROUP 500073 (VIA GOOGLE PAY), ON 28-08-2018",,15.54,52.2
04/09/2018,"CO-OP GROUP 500073 (VIA GOOGLE PAY), ON 31-08-2018",,21.2,323.92
18/09/2018,"CO-OP GROUP 500593 (VIA GOOGLE PAY), ON 16-09-2018",,23.61,5.29
06/10/2018,"CO-OP GROUP FOOD (VIA GOOGLE PAY), ON 04-10-2018",,10.7,220.53
25/09/2018,"COSTA COFFEE 43039930 (VIA GOOGLE PAY), ON 23-09-2018",,0.75,737.45
25/08/2018,CREDIT FROM RESIDENT ADVISOR TICKE ON 2018-08-22,20,,451.55
24/08/2018,CREDIT FROM VANGUARD ON 2018-08-22,15.68,,521.47
26/09/2018,CREDIT FROM VANGUARD ON 2018-09-24,1000,,1543.09
26/09/2018,CREDIT FROM VANGUARD ON 2018-09-24,381.94,,543.09
11/07/2018,"DAISYS IN THE PARK (VIA GOOGLE PAY), ON 09-07-2018",,3.5,1124.8
08/09/2018,"DELIVEROO.CO.UK (VIA GOOGLE PAY IN-APP), ON 06-09-2018",,24.45,749.31
09/10/2018,"DELIVEROO.CO.UK (VIA GOOGLE PAY IN-APP), ON 06-10-2018",,21.7,315.41
11/12/2018,"DELIVEROO.CO.UK (VIA GOOGLE PAY IN-APP), ON 08-12-2018",,28.34,60.21
12/10/2018,"DELIVEROO.CO.UK (VIA GOOGLE PAY IN-APP), ON 09-10-2018",,34.5,2096.73
11/12/2018,"DELIVEROO.CO.UK (VIA GOOGLE PAY IN-APP), ON 09-12-2018",,25.09,15.12
15/12/2018,"DELIVEROO.CO.UK (VIA GOOGLE PAY IN-APP), ON 12-12-2018",,33,448.15
16/11/2018,"DELIVEROO.CO.UK (VIA GOOGLE PAY IN-APP), ON 13-11-2018",,25.29,1612.36
19/07/2018,"DELIVEROO.CO.UK (VIA GOOGLE PAY IN-APP), ON 16-07-2018",,49.85,379.74
21/08/2018,"DELIVEROO.CO.UK (VIA GOOGLE PAY IN-APP), ON 18-08-2018",,34.95,590.05
21/08/2018,"DELIVEROO.CO.UK (VIA GOOGLE PAY IN-APP), ON 19-08-2018",,38.1,547.15
23/11/2018,"DELIVEROO.CO.UK (VIA GOOGLE PAY IN-APP), ON 21-11-2018",,25.29,1532.99
27/06/2018,"DELIVEROO.CO.UK (VIA GOOGLE PAY IN-APP), ON 25-06-2018",,30.65,549.44
09/07/2018,"DIRECT DEBIT PAYMENT TO BISL BACS ACCOUNT REF 121179210239117192, MANDATE NO 0032",,50.23,1272.28
08/08/2018,"DIRECT DEBIT PAYMENT TO BISL BACS ACCOUNT REF 121179210241240631, MANDATE NO 0032",,50.23,1850.77
10/09/2018,"DIRECT DEBIT PAYMENT TO BISL BACS ACCOUNT REF 121179210243389643, MANDATE NO 0032",,50.23,142.28
08/10/2018,"DIRECT DEBIT PAYMENT TO BISL BACS ACCOUNT REF 121179210245408273, MANDATE NO 0032",,50.23,137.11
08/11/2018,"DIRECT DEBIT PAYMENT TO BISL BACS ACCOUNT REF 121179210247646789, MANDATE NO 0032",,50.23,271.47
10/12/2018,"DIRECT DEBIT PAYMENT TO BISL BACS ACCOUNT REF 121179210249776101, MANDATE NO 0032",,50.23,3.85
17/12/2018,"DIRECT DEBIT PAYMENT TO O2 REF GED33987722, MANDATE NO 0037",,31.2,398.68
16/11/2018,"DIRECT DEBIT PAYMENT TO O2 REF GED33987722, MANDATE NO 0037",,32.3,1667.65
16/10/2018,"DIRECT DEBIT PAYMENT TO O2 REF GED33987722, MANDATE NO 0037",,31.75,2521.17
17/09/2018,"DIRECT DEBIT PAYMENT TO O2 REF GED33987722, MANDATE NO 0037",,31.2,167.08
16/08/2018,"DIRECT DEBIT PAYMENT TO O2 REF GED33987722, MANDATE NO 0037",,47.17,135.56
16/07/2018,"DIRECT DEBIT PAYMENT TO O2 REF GED33987722, MANDATE NO 0037",,91.92,782.21
17/12/2018,"DIRECT DEBIT PAYMENT TO O2 REF GED42008613, MANDATE NO 0042",,30,368.68
16/11/2018,"DIRECT DEBIT PAYMENT TO O2 REF GED42008613, MANDATE NO 0042",,30,1637.65
16/10/2018,"DIRECT DEBIT PAYMENT TO O2 REF GED42008613, MANDATE NO 0042",,30,2552.92
17/09/2018,"DIRECT DEBIT PAYMENT TO O2 REF GED42008613, MANDATE NO 0042",,30,137.08
16/08/2018,"DIRECT DEBIT PAYMENT TO O2 REF GED42008613, MANDATE NO 0042",,30,105.56
16/07/2018,"DIRECT DEBIT PAYMENT TO O2 REF GED42008613, MANDATE NO 0042",,30,752.21
04/01/2019,"DIRECT DEBIT PAYMENT TO PAYPAL PAYMENT REF 477J22275FW5S, MANDATE NO 0039",,31.04,232.68
04/01/2019,"DIRECT DEBIT PAYMENT TO PAYPAL PAYMENT REF 477J22275FW5S, MANDATE NO 0039",,10.99,263.72
03/01/2019,"DIRECT DEBIT PAYMENT TO PAYPAL PAYMENT REF 477J22275FW5S, MANDATE NO 0039",,0.99,412.49
19/12/2018,"DIRECT DEBIT PAYMENT TO PAYPAL PAYMENT REF 477J22275FW5S, MANDATE NO 0039",,0.16,80.97
10/12/2018,"DIRECT DEBIT PAYMENT TO PAYPAL PAYMENT REF 477J22275FW5S, MANDATE NO 0039",,19.3,54.08
07/11/2018,"DIRECT DEBIT PAYMENT TO PAYPAL PAYMENT REF 477J22275FW5S, MANDATE NO 0039",,10.99,408.52
19/10/2018,"DIRECT DEBIT PAYMENT TO PAYPAL PAYMENT REF 477J22275FW5S, MANDATE NO 0039",,10.99,1926.09
17/10/2018,"DIRECT DEBIT PAYMENT TO PAYPAL PAYMENT REF 477J22275FW5S, MANDATE NO 0039",,28.8,2450.67
01/10/2018,"DIRECT DEBIT PAYMENT TO PAYPAL PAYMENT REF 477J22275FW5S, MANDATE NO 0039",,26.25,1012.11
01/10/2018,"DIRECT DEBIT PAYMENT TO PAYPAL PAYMENT REF 477J22275FW5S, MANDATE NO 0039",,10.99,1038.36
26/09/2018,"DIRECT DEBIT PAYMENT TO PAYPAL PAYMENT REF 477J22275FW5S, MANDATE NO 0039",,26.3,161.15
21/09/2018,"DIRECT DEBIT PAYMENT TO PAYPAL PAYMENT REF 477J22275FW5S, MANDATE NO 0039",,10.99,86.81
19/09/2018,"DIRECT DEBIT PAYMENT TO PAYPAL PAYMENT REF 477J22275FW5S, MANDATE NO 0039",,5.99,-2.2
12/09/2018,"DIRECT DEBIT PAYMENT TO PAYPAL PAYMENT REF 477J22275FW5S, MANDATE NO 0039",,28.8,0.68
12/09/2018,"DIRECT DEBIT PAYMENT TO PAYPAL PAYMENT REF 477J22275FW5S, MANDATE NO 0039",,28.8,29.48
05/09/2018,"DIRECT DEBIT PAYMENT TO PAYPAL PAYMENT REF 477J22275FW5S, MANDATE NO 0039",,28.8,290.32
04/09/2018,"DIRECT DEBIT PAYMENT TO PAYPAL PAYMENT REF 477J22275FW5S, MANDATE NO 0039",,10.99,345.12
24/08/2018,"DIRECT DEBIT PAYMENT TO PAYPAL PAYMENT REF 477J22275FW5S, MANDATE NO 0039",,10.99,431.55
22/08/2018,"DIRECT DEBIT PAYMENT TO PAYPAL PAYMENT REF 477J22275FW5S, MANDATE NO 0039",,7.3,8.46
21/08/2018,"DIRECT DEBIT PAYMENT TO PAYPAL PAYMENT REF 477J22275FW5S, MANDATE NO 0039",,5.99,635
16/08/2018,"DIRECT DEBIT PAYMENT TO PAYPAL PAYMENT REF 477J22275FW5S, MANDATE NO 0039",,10.99,182.73
15/08/2018,"DIRECT DEBIT PAYMENT TO PAYPAL PAYMENT REF 477J22275FW5S, MANDATE NO 0039",,26.3,93.72
13/08/2018,"DIRECT DEBIT PAYMENT TO PAYPAL PAYMENT REF 477J22275FW5S, MANDATE NO 0039",,10.99,395.72
09/08/2018,"DIRECT DEBIT PAYMENT TO PAYPAL PAYMENT REF 477J22275FW5S, MANDATE NO 0039",,26.3,1556.91
06/08/2018,"DIRECT DEBIT PAYMENT TO PAYPAL PAYMENT REF 477J22275FW5S, MANDATE NO 0039",,10.99,2362.35
02/08/2018,"DIRECT DEBIT PAYMENT TO PAYPAL PAYMENT REF 477J22275FW5S, MANDATE NO 0039",,26.3,1274.32
27/07/2018,"DIRECT DEBIT PAYMENT TO PAYPAL PAYMENT REF 477J22275FW5S, MANDATE NO 0039",,3.39,1287.9
24/07/2018,"DIRECT DEBIT PAYMENT TO PAYPAL PAYMENT REF 477J22275FW5S, MANDATE NO 0039",,10.99,778.77
23/07/2018,"DIRECT DEBIT PAYMENT TO PAYPAL PAYMENT REF 477J22275FW5S, MANDATE NO 0039",,26.3,189.76
17/07/2018,"DIRECT DEBIT PAYMENT TO PAYPAL PAYMENT REF 477J22275FW5S, MANDATE NO 0039",,10.99,615.47
16/07/2018,"DIRECT DEBIT PAYMENT TO PAYPAL PAYMENT REF 477J22275FW5S, MANDATE NO 0039",,28.8,874.13
04/07/2018,"DIRECT DEBIT PAYMENT TO PAYPAL PAYMENT REF 477J22275FW5S, MANDATE NO 0039",,32.15,869.98
04/07/2018,"DIRECT DEBIT PAYMENT TO PAYPAL PAYMENT REF 477J22275FW5S, MANDATE NO 0039",,26.3,902.13
04/07/2018,"DIRECT DEBIT PAYMENT TO PAYPAL PAYMENT REF 477J22275FW5S, MANDATE NO 0039",,26.3,928.43
19/12/2018,"DIRECT DEBIT PAYMENT TO PAYPAL PAYMENT REF 59R22223C6UJS, MANDATE NO 0031",,14.32,61.5
19/12/2018,"DIRECT DEBIT PAYMENT TO PAYPAL PAYMENT REF 59R22223C6UJS, MANDATE NO 0031",,5.15,75.82
14/12/2018,"DIRECT DEBIT PAYMENT TO PAYPAL PAYMENT REF 59R22223C6UJS, MANDATE NO 0031",,5.99,518.39
14/12/2018,"DIRECT DEBIT PAYMENT TO PAYPAL PAYMENT REF 59R22223C6UJS, MANDATE NO 0031",,5.89,524.38
14/12/2018,"DIRECT DEBIT PAYMENT TO PAYPAL PAYMENT REF 59R22223C6UJS, MANDATE NO 0031",,4.99,530.27
14/12/2018,"DIRECT DEBIT PAYMENT TO PAYPAL PAYMENT REF 59R22223C6UJS, MANDATE NO 0031",,3.92,535.26
14/12/2018,"DIRECT DEBIT PAYMENT TO PAYPAL PAYMENT REF 59R22223C6UJS, MANDATE NO 0031",,2.79,539.18
14/12/2018,"DIRECT DEBIT PAYMENT TO PAYPAL PAYMENT REF 59R22223C6UJS, MANDATE NO 0031",,2.55,541.97
14/12/2018,"DIRECT DEBIT PAYMENT TO PAYPAL PAYMENT REF 59R22223C6UJS, MANDATE NO 0031",,1.79,544.52
14/12/2018,"DIRECT DEBIT PAYMENT TO PAYPAL PAYMENT REF 59R22223C6UJS, MANDATE NO 0031",,1.71,546.31
05/12/2018,"DIRECT DEBIT PAYMENT TO PAYPAL PAYMENT REF 59R22223C6UJS, MANDATE NO 0031",,99.68,408.13
05/12/2018,"DIRECT DEBIT PAYMENT TO PAYPAL PAYMENT REF 59R22223C6UJS, MANDATE NO 0031",,23.5,507.81
28/11/2018,"DIRECT DEBIT PAYMENT TO PAYPAL PAYMENT REF 59R22223C6UJS, MANDATE NO 0031",,17.99,520.16
28/11/2018,"DIRECT DEBIT PAYMENT TO PAYPAL PAYMENT REF 59R22223C6UJS, MANDATE NO 0031",,5,538.15
27/11/2018,"DIRECT DEBIT PAYMENT TO PAYPAL PAYMENT REF 59R22223C6UJS, MANDATE NO 0031",,10.63,516.07
23/11/2018,"DIRECT DEBIT PAYMENT TO PAYPAL PAYMENT REF 59R22223C6UJS, MANDATE NO 0031",,6.77,1558.28
23/11/2018,"DIRECT DEBIT PAYMENT TO PAYPAL PAYMENT REF 59R22223C6UJS, MANDATE NO 0031",,5.6,1565.05
21/11/2018,"DIRECT DEBIT PAYMENT TO PAYPAL PAYMENT REF 59R22223C6UJS, MANDATE NO 0031",,99.9,983.64
07/11/2018,"DIRECT DEBIT PAYMENT TO PAYPAL PAYMENT REF 59R22223C6UJS, MANDATE NO 0031",,73.73,324.8
07/11/2018,"DIRECT DEBIT PAYMENT TO PAYPAL PAYMENT REF 59R22223C6UJS, MANDATE NO 0031",,9.99,398.53
26/10/2018,"DIRECT DEBIT PAYMENT TO PAYPAL PAYMENT REF 59R22223C6UJS, MANDATE NO 0031",,17.99,146.47
24/10/2018,"DIRECT DEBIT PAYMENT TO PAYPAL PAYMENT REF 59R22223C6UJS, MANDATE NO 0031",,110.91,1564.46
10/10/2018,"DIRECT DEBIT PAYMENT TO PAYPAL PAYMENT REF 59R22223C6UJS, MANDATE NO 0031",,120.44,2146.63
08/10/2018,"DIRECT DEBIT PAYMENT TO PAYPAL PAYMENT REF 59R22223C6UJS, MANDATE NO 0031",,9.99,187.34
25/09/2018,"DIRECT DEBIT PAYMENT TO PAYPAL PAYMENT REF 59R22223C6UJS, MANDATE NO 0031",,68.61,748.2
12/09/2018,"DIRECT DEBIT PAYMENT TO PAYPAL PAYMENT REF 59R22223C6UJS, MANDATE NO 0031",,81.6,58.28
06/09/2018,"DIRECT DEBIT PAYMENT TO PAYPAL PAYMENT REF 59R22223C6UJS, MANDATE NO 0031",,9.99,280.33
22/08/2018,"DIRECT DEBIT PAYMENT TO PAYPAL PAYMENT REF 59R22223C6UJS, MANDATE NO 0031",,21.39,15.76
15/08/2018,"DIRECT DEBIT PAYMENT TO PAYPAL PAYMENT REF 59R22223C6UJS, MANDATE NO 0031",,5.91,120.02
14/08/2018,"DIRECT DEBIT PAYMENT TO PAYPAL PAYMENT REF 59R22223C6UJS, MANDATE NO 0031",,109.35,286.37
08/08/2018,"DIRECT DEBIT PAYMENT TO PAYPAL PAYMENT REF 59R22223C6UJS, MANDATE NO 0031",,9.99,1840.78
25/07/2018,"DIRECT DEBIT PAYMENT TO PAYPAL PAYMENT REF 59R22223C6UJS, MANDATE NO 0031",,18.92,757.45
20/07/2018,"DIRECT DEBIT PAYMENT TO PAYPAL PAYMENT REF 59R22223C6UJS, MANDATE NO 0031",,139.47,252.27
18/07/2018,"DIRECT DEBIT PAYMENT TO PAYPAL PAYMENT REF 59R22223C6UJS, MANDATE NO 0031",,20.95,473.49
11/07/2018,"DIRECT DEBIT PAYMENT TO PAYPAL PAYMENT REF 59R22223C6UJS, MANDATE NO 0031",,7.13,1128.3
06/07/2018,"DIRECT DEBIT PAYMENT TO PAYPAL PAYMENT REF 59R22223C6UJS, MANDATE NO 0031",,9.99,851.5
02/07/2018,"DIRECT DEBIT PAYMENT TO PAYPAL PAYMENT REF 59R22223C6UJS, MANDATE NO 0031",,96.45,1267.47
02/01/2019,"DIRECT DEBIT PAYMENT TO STH LONDON SQUASH REF ZB052877, MANDATE NO 0041",,158,413.48
03/12/2018,"DIRECT DEBIT PAYMENT TO STH LONDON SQUASH REF ZB052877, MANDATE NO 0041",,158,-62.46
02/11/2018,"DIRECT DEBIT PAYMENT TO STH LONDON SQUASH REF ZB052877, MANDATE NO 0041",,79,1051.32
03/10/2018,"DIRECT DEBIT PAYMENT TO STH LONDON SQUASH REF ZB052877, MANDATE NO 0041",,39.5,832.79
03/09/2018,"DIRECT DEBIT PAYMENT TO STH LONDON SQUASH REF ZB052877, MANDATE NO 0041",,39.5,656.11
01/08/2018,"DIRECT DEBIT PAYMENT TO STH LONDON SQUASH REF ZB052877, MANDATE NO 0041",,39.5,1482.65
02/07/2018,"DIRECT DEBIT PAYMENT TO STH LONDON SQUASH REF ZB052877, MANDATE NO 0041",,39.5,1145.73
04/10/2018,"DIRECT DEBIT PAYMENT TO VANGUARD COLLECTIO REF VG0068431000176231, MANDATE NO 0043",,250,168.79
03/09/2018,"DIRECT DEBIT PAYMENT TO VIRGIN MONEY PLC REF 5276690028449985, MANDATE NO 0038",,80.6,-4.39
31/07/2018,"DIRECT DEBIT PAYMENT TO VIRGIN MONEY PLC REF 5276690028449985, MANDATE NO 0038",,81.41,1585.03
02/07/2018,"DIRECT DEBIT PAYMENT TO VIRGIN MONEY PLC REF 5276690028449985, MANDATE NO 0038",,82.24,1185.23
31/12/2018,"DIRECT DEBIT PAYMENT TO VIRGIN MONEY PLC REF 5276690032435459, MANDATE NO 0044",,99.52,712.67
03/12/2018,"DIRECT DEBIT PAYMENT TO VIRGIN MONEY PLC REF 5276690032435459, MANDATE NO 0044",,107.78,95.54
31/10/2018,"DIRECT DEBIT PAYMENT TO VIRGIN MONEY PLC REF 5276690032435459, MANDATE NO 0044",,87.84,251.02
01/10/2018,"DIRECT DEBIT PAYMENT TO VIRGIN MONEY PLC REF 5276690032435459, MANDATE NO 0044",,79.79,682.32
10/07/2018,"EAT (VIA GOOGLE PAY), ON 07-07-2018",,25.32,1696.96
26/11/2018,"EAT (VIA GOOGLE PAY), ON 23-11-2018",,5.74,1228.2
22/11/2018,FASTER PAYMENTS RECEIPT REF.Bronny FROM WILSON B,600,,1570.65
25/06/2018,FASTER PAYMENTS RECEIPT REF.Bronny FROM WILSON B,0.9,,706.79
29/12/2018,FASTER PAYMENTS RECEIPT REF.DINNER FROM WALIK JR TPM,25,,883.92
06/08/2018,FASTER PAYMENTS RECEIPT REF.F Barr PT TRAINING FROM Felicity Barr,600,,2373.34
03/09/2018,FASTER PAYMENTS RECEIPT REF.Felicity PT FROM Felicity Barr,600,,695.61
21/08/2018,FASTER PAYMENTS RECEIPT REF.FOODFORBEARSBELLY FROM DYET A YPA,20,,567.15
27/12/2018,FASTER PAYMENTS RECEIPT REF.FROM JESS FROM GUNNING J F ST,300,,311.31
10/12/2018,FASTER PAYMENTS RECEIPT REF.FROM JESS FROM GUNNING J F ST,100,,103.85
05/12/2018,FASTER PAYMENTS RECEIPT REF.FROM JESS FROM GUNNING J F ST,1500,,1907.13
01/11/2018,FASTER PAYMENTS RECEIPT REF.FROM JESS FROM GUNNING J F ST,500,,1130.32
09/10/2018,FASTER PAYMENTS RECEIPT REF.FROM JESS FROM GUNNING J F ST,200,,584.87
20/08/2018,FASTER PAYMENTS RECEIPT REF.FROM JESS FROM GUNNING J F ST,50,,640.99
18/08/2018,FASTER PAYMENTS RECEIPT REF.FROM JESS FROM GUNNING J F ST,200,,300.57
06/07/2018,FASTER PAYMENTS RECEIPT REF.FROM JESS FROM GUNNING J F ST,15,,851.5
22/08/2018,FASTER PAYMENTS RECEIPT REF.Have fun in Ibiza FROM WILSON B,600,,608.46
29/11/2018,FASTER PAYMENTS RECEIPT REF.INV-0001 -TRIAL FROM D MAZZAGLIA,50,,540.16
25/09/2018,FASTER PAYMENTS RECEIPT REF.INV-0001 FROM SOUTHWELL CR,660,,816.81
22/09/2018,FASTER PAYMENTS RECEIPT REF.INV-0001 FROM SOUTHWELL CR,25,,101.81
14/11/2018,FASTER PAYMENTS RECEIPT REF.INV-0002 FROM SOUTHWELL CR,550,,1744.95
11/12/2018,FASTER PAYMENTS RECEIPT REF.INV-0003 FROM SOUTHWELL CR,710,,718.32
08/11/2018,FASTER PAYMENTS RECEIPT REF.INVOICE 3 FROM A Gomez Garcia,600,,896.47
28/09/2018,FASTER PAYMENTS RECEIPT REF.INVOICE 3 FROM A Gomez Garcia,600,,2235.85
31/08/2018,FASTER PAYMENTS RECEIPT REF.INVOICE 3 FROM A Gomez Garcia,600,,696.21
27/07/2018,FASTER PAYMENTS RECEIPT REF.INVOICE 3 FROM A Gomez Garcia,600,,1666.62
09/07/2018,FASTER PAYMENTS RECEIPT REF.INVOICE 3 FROM A Gomez Garcia,600,,1872.28
14/11/2018,FASTER PAYMENTS RECEIPT REF.IRENE FROM LEE Y,100,,1293
13/11/2018,FASTER PAYMENTS RECEIPT REF.IRENE FROM LEE Y,250,,1251.83
12/11/2018,FASTER PAYMENTS RECEIPT REF.IRENE FROM LEE Y,250,,1167.58
28/12/2018,FASTER PAYMENTS RECEIPT REF.JULIE HOLT PT FROM Holt-Larss J,550,,871.31
19/11/2018,FASTER PAYMENTS RECEIPT REF.JULIE HOLT PT FROM Holt-Larss J,550,,1594.54
12/10/2018,FASTER PAYMENTS RECEIPT REF.JULIE HOLT PT FROM Holt-Larss J,550,,2646.73
07/09/2018,FASTER PAYMENTS RECEIPT REF.JULIE HOLT PT FROM Holt-Larss J,550,,773.76
25/07/2018,FASTER PAYMENTS RECEIPT REF.JULIE HOLT PT FROM Holt-Larss J,550,,1307.45
08/10/2018,FASTER PAYMENTS RECEIPT REF.LOAN FROM DYET A YPA,200,,337.11
14/09/2018,FASTER PAYMENTS RECEIPT REF.LOAN FROM DYET A YPA,250,,258.28
27/08/2018,FASTER PAYMENTS RECEIPT REF.LOAN FROM DYET A YPA,200,,437.2
09/08/2018,FASTER PAYMENTS RECEIPT REF.LOAN FROM DYET A YPA,350,,782.22
06/08/2018,FASTER PAYMENTS RECEIPT REF.LOAN FROM DYET A YPA,200,,1273.34
24/09/2018,FASTER PAYMENTS RECEIPT REF.Luke Guy 3m plan FROM GUY L S,90,,266.81
27/09/2018,FASTER PAYMENTS RECEIPT REF.Luke Guy dietplan FROM GUY L S,110,,1635.85
09/10/2018,FASTER PAYMENTS RECEIPT REF.MATT GOULDING FROM GOULDING M G/CHQ,500,,784.87
06/08/2018,FASTER PAYMENTS RECEIPT REF.MATT GOULDING FROM GOULDING M G/CHQ,500,,1773.34
12/11/2018,FASTER PAYMENTS RECEIPT REF.NAZ SHAH FROM SHAH N,550,,957.58
08/11/2018,FASTER PAYMENTS RECEIPT REF.NAZ SHAH FROM SHAH N,25,,296.47
03/11/2018,FASTER PAYMENTS RECEIPT REF.NEIL BYRNE FROM Byrne Neil,200,,637.88
29/06/2018,FASTER PAYMENTS RECEIPT REF.NEIL BYRNE FROM Byrne Neil,500,,1503.19
03/10/2018,FASTER PAYMENTS RECEIPT REF.Number one client FROM WILSON B,600,,1118.79
29/06/2018,FASTER PAYMENTS RECEIPT REF.Number one client FROM WILSON B,600,,1003.19
19/12/2018,FASTER PAYMENTS RECEIPT REF.PPWDL59R22ANJN2C36 FROM PayPal,1.79,,42.81
04/12/2018,FASTER PAYMENTS RECEIPT REF.PT 10 SESSIONS FROM D MAZZAGLIA,500,,548.81
06/08/2018,FASTER PAYMENTS RECEIPT REF.PT FROM GANASON V,25,,2586.35
01/11/2018,FASTER PAYMENTS RECEIPT REF.PT TRAINING FROM Felicity Barr,600,,685.32
01/10/2018,FASTER PAYMENTS RECEIPT REF.PT TRAINING FROM Felicity Barr,600,,1282.32
03/08/2018,FASTER PAYMENTS RECEIPT REF.PT training FROM Felicity Barr,25,,1273.07
10/11/2018,FASTER PAYMENTS RECEIPT REF.ROBYN GOLLIFER FROM GOLLIFER R M,275,,446.48
01/10/2018,FASTER PAYMENTS RECEIPT REF.ROBYN GOLLIFER FROM GOLLIFER R M,275,,1049.35
22/09/2018,FASTER PAYMENTS RECEIPT REF.ROBYN GOLLIFER FROM GOLLIFER R M,25,,126.81
19/07/2018,FASTER PAYMENTS RECEIPT REF.TIX FROM C Gabay,12,,391.74
13/09/2018,FASTER PAYMENTS RECEIPT REF.TRAIN FROM DYET A YPA,26,,8.28
19/09/2018,FASTER PAYMENTS RECEIPT REF.TRAINING FROM A Haylor,100,,97.8
09/07/2018,FASTER PAYMENTS RECEIPT REF.TRAINING FROM A Haylor,475,,1322.51
29/10/2018,FASTER PAYMENTS RECEIPT REF.TRAINING SESSION FROM CAUSI D,300,,348.85
02/10/2018,FASTER PAYMENTS RECEIPT REF.TRAINING SESSION FROM CAUSI D,300,,1172.29
22/09/2018,FASTER PAYMENTS RECEIPT REF.TRAINING SESSION FROM CAUSI D,25,,151.81
10/08/2018,FEES AND EXPENSES FOR TRANSFER TO KRAKEN PAYWARD LTD REF: 0015 1029 696 0MGIP13,,15,411.3
18/12/2018,FOREIGN CURRENCY PURCHASE FEE,,1.25,91.73
18/12/2018,FOREIGN CURRENCY PURCHASE FEE,,1.25,102.24
18/12/2018,FOREIGN CURRENCY PURCHASE FEE,,1.25,127.89
18/12/2018,FOREIGN CURRENCY PURCHASE FEE,,1.25,180.05
18/12/2018,FOREIGN CURRENCY PURCHASE FEE,,1.25,214.62
18/12/2018,FOREIGN CURRENCY PURCHASE FEE,,1.25,246.87
18/12/2018,FOREIGN CURRENCY PURCHASE FEE,,1.25,275.89
17/12/2018,FOREIGN CURRENCY PURCHASE FEE,,1.25,429.88
18/09/2018,"HEAVEN (VIA GOOGLE PAY), ON 16-09-2018",,23.2,28.9
18/09/2018,"HEAVEN (VIA GOOGLE PAY), ON 16-09-2018",,15.4,106.28
18/09/2018,"HEAVEN (VIA GOOGLE PAY), ON 16-09-2018",,15.4,121.68
04/08/2018,"ITSU 023 CANNON STREET (VIA GOOGLE PAY), ON 02-08-2018",,11.99,1078.59
31/08/2018,"ITSU 023 CANNON STREET (VIA GOOGLE PAY), ON 29-08-2018",,5.99,46.21
21/07/2018,"ITSU 049 KING WILLM ST (VIA GOOGLE PAY), ON 19-07-2018",,16.26,222.46
03/11/2018,"ITSU 062 EUSTON PIAZZA (VIA GOOGLE PAY), ON 01-11-2018",,14.95,445.28
07/08/2018,"KACE AFRO HAIR (VIA GOOGLE PAY), ON 04-08-2018",,25.97,2945.38
21/07/2018,"LITTLE ITALY ESPRESSO (VIA GOOGLE PAY), ON 19-07-2018",,1.2,240.22
13/10/2018,"LOCAL WINE AND FOOD LTD (VIA GOOGLE PAY), ON 11-10-2018",,2.5,2619.72
04/08/2018,"M&S SIMPLY FOOD - SSP (VIA GOOGLE PAY), ON 02-08-2018",,10.94,1095.33
13/07/2018,"M&S SIMPLY FOOD - SSP (VIA GOOGLE PAY), ON 11-07-2018",,8,982.96
16/10/2018,"M&S SIMPLY FOOD - SSP (VIA GOOGLE PAY), ON 13-10-2018",,14.4,2506.77
02/07/2018,"M&S SIMPLY FOOD - SSP (VIA GOOGLE PAY), ON 29-06-2018",,5.5,1463.92
02/08/2018,"M&S SIMPLY FOOD - SSP (VIA GOOGLE PAY), ON 31-07-2018",,11.45,1262.87
14/08/2018,"MALTHURST PETROLEU (VIA GOOGLE PAY), ON 12-08-2018",,3.38,158.03
14/08/2018,"MCOLLS (VIA GOOGLE PAY), ON 11-08-2018",,22.56,163.81
22/10/2018,"MILLENNIUM PHARMAC (VIA GOOGLE PAY), ON 19-10-2018",,5.65,1727.51
14/08/2018,"NANDOS BICESTER (VIA GOOGLE PAY), ON 12-08-2018",,32.1,125.93
29/08/2018,NON-STERLING PURCHASE FEE,,1.25,114.74
28/08/2018,NON-STERLING PURCHASE FEE,,1.25,120.18
28/08/2018,NON-STERLING PURCHASE FEE,,1.25,140.32
28/08/2018,NON-STERLING PURCHASE FEE,,1.25,275.51
28/08/2018,NON-STERLING PURCHASE FEE,,1.25,316.76
28/08/2018,NON-STERLING PURCHASE FEE,,1.25,339.4
28/08/2018,NON-STERLING PURCHASE FEE,,1.25,367.49
28/08/2018,NON-STERLING PURCHASE FEE,,1.25,394.79
27/08/2018,NON-STERLING PURCHASE FEE,,1.25,237.2
27/08/2018,NON-STERLING PURCHASE FEE,,1.25,275.19
28/06/2018,NON-STERLING PURCHASE FEE,,1.25,462.34
26/06/2018,NON-STERLING PURCHASE FEE,,1.25,661.92
26/06/2018,NON-STERLING PURCHASE FEE,,1.25,686.87
25/06/2018,NON-STERLING PURCHASE FEE,,1.25,705.89
23/06/2018,NON-STERLING PURCHASE FEE,,1.25,737.46
23/10/2018,"PAID TRANSACTION SAINSBURYS S/MKTS (VIA GOOGLE PAY), ON 10-09-2018",,10,1675.37
23/10/2018,"PAID TRANSACTION TFL TRAVEL CH (VIA GOOGLE PAY), ON 10-09-2018",,10,1685.37
09/08/2018,"PP*PICCADILLY FOODS (VIA GOOGLE PAY), ON 13-07-2018",,1,1555.91
07/07/2018,"PRET A MANGER (VIA GOOGLE PAY), ON 05-07-2018",,3.99,847.51
10/07/2018,"PRET A MANGER (VIA GOOGLE PAY), ON 07-07-2018",,9.13,1685.43
11/08/2018,"PRET A MANGER (VIA GOOGLE PAY), ON 09-08-2018",,4.59,406.71
18/08/2018,"PRET A MANGER (VIA GOOGLE PAY), ON 16-08-2018",,4.99,100.57
26/09/2018,"PRET A MANGER (VIA GOOGLE PAY), ON 24-09-2018",,5.99,1530.65
30/06/2018,"PRET A MANGER (VIA GOOGLE PAY), ON 28-06-2018",,8.97,1485.72
03/01/2019,"REGULAR TRANSFER PAYMENT TO ACCOUNT 090127 23741948, MANDATE NO 30",,100,312.49
03/12/2018,"REGULAR TRANSFER PAYMENT TO ACCOUNT 090127 23741948, MANDATE NO 30",,100,203.32
05/11/2018,"REGULAR TRANSFER PAYMENT TO ACCOUNT 090127 23741948, MANDATE NO 30",,100,503.68
03/10/2018,"REGULAR TRANSFER PAYMENT TO ACCOUNT 090127 23741948, MANDATE NO 30",,100,732.79
03/09/2018,"REGULAR TRANSFER PAYMENT TO ACCOUNT 090127 23741948, MANDATE NO 30",,100,76.21
03/08/2018,"REGULAR TRANSFER PAYMENT TO ACCOUNT 090127 23741948, MANDATE NO 30",,50,1106.27
03/07/2018,"REGULAR TRANSFER PAYMENT TO ACCOUNT 090127 23741948, MANDATE NO 30",,50,995.73
03/08/2018,"REGULAR TRANSFER PAYMENT TO ACCOUNT 090128 03197069, MANDATE NO 29",,100,1156.27
03/07/2018,"REGULAR TRANSFER PAYMENT TO ACCOUNT 090128 03197069, MANDATE NO 29",,100,1045.73
11/07/2018,"SAINSBURY'S S/MKT (VIA GOOGLE PAY), ON 09-07-2018",,20.28,1104.52
03/11/2018,"SAINSBURYS S/MKTS (VIA GOOGLE PAY), ON 01-11-2018",,10.6,466.23
04/08/2018,"SAINSBURYS S/MKTS (VIA GOOGLE PAY), ON 02-08-2018",,4.75,1090.58
06/08/2018,"SAINSBURYS S/MKTS (VIA GOOGLE PAY), ON 03-08-2018",,5.25,1073.34
07/11/2018,"SAINSBURYS S/MKTS (VIA GOOGLE PAY), ON 05-11-2018",,3.1,321.7
08/08/2018,"SAINSBURYS S/MKTS (VIA GOOGLE PAY), ON 06-08-2018",,12.9,1360.61
12/07/2018,"SAINSBURYS S/MKTS (VIA GOOGLE PAY), ON 10-07-2018",,9.93,990.96
12/09/2018,"SAINSBURYS S/MKTS (VIA GOOGLE PAY), ON 10-09-2018",,13.6,-12.92
21/08/2018,"SAINSBURYS S/MKTS (VIA GOOGLE PAY), ON 18-08-2018",,6.1,625
20/10/2018,"SAINSBURYS S/MKTS (VIA GOOGLE PAY), ON 18-10-2018",,19.65,1748.46
23/10/2018,"SAINSBURYS S/MKTS (VIA GOOGLE PAY), ON 21-10-2018",,2.35,1706.17
24/11/2018,"SAINSBURYS S/MKTS (VIA GOOGLE PAY), ON 22-11-2018",,0.75,1532.24
26/09/2018,"SAINSBURYS S/MKTS (VIA GOOGLE PAY), ON 24-09-2018",,6.45,1536.64
28/07/2018,"SAINSBURYS S/MKTS (VIA GOOGLE PAY), ON 26-07-2018",,8.08,1658.54
01/08/2018,"SAINSBURYS S/MKTS (VIA GOOGLE PAY), ON 30-07-2018",,4.03,1478.62
07/08/2018,"SAN MARINO (VIA GOOGLE PAY), ON 04-08-2018",,3,1901
03/08/2018,"SOUTH LONDON SQUAS (VIA GOOGLE PAY), ON 01-08-2018",,10,1256.27
05/12/2018,"SOUTH LONDON SQUAS (VIA GOOGLE PAY), ON 03-12-2018",,1,407.13
09/11/2018,"SOUTH LONDON SQUAS (VIA GOOGLE PAY), ON 06-11-2018",,10,886.47
08/12/2018,"SOUTH LONDON SQUAS (VIA GOOGLE PAY), ON 06-12-2018",,10,94.93
08/12/2018,"SOUTH LONDON SQUAS (VIA GOOGLE PAY), ON 06-12-2018",,20,104.93
08/12/2018,"SOUTH LONDON SQUAS (VIA GOOGLE PAY), ON 06-12-2018",,10,124.93
10/10/2018,"SOUTH LONDON SQUAS (VIA GOOGLE PAY), ON 07-10-2018",,2.5,2144.13
09/11/2018,"SOUTH LONDON SQUAS (VIA GOOGLE PAY), ON 07-11-2018",,1,885.47
11/12/2018,"SOUTH LONDON SQUAS (VIA GOOGLE PAY), ON 08-12-2018",,10,88.55
18/09/2018,"SOUTH LONDON SQUAS (VIA GOOGLE PAY), ON 15-09-2018",,10,96.28
20/11/2018,"SOUTH LONDON SQUAS (VIA GOOGLE PAY), ON 16-11-2018",,1,1593.54
20/11/2018,"SOUTH LONDON SQUAS (VIA GOOGLE PAY), ON 18-11-2018",,10,1583.54
20/12/2018,"SOUTH LONDON SQUAS (VIA GOOGLE PAY), ON 18-12-2018",,11,31.81
22/10/2018,"SOUTH LONDON SQUAS (VIA GOOGLE PAY), ON 19-10-2018",,10,1733.16
24/12/2018,"SOUTH LONDON SQUAS (VIA GOOGLE PAY), ON 20-12-2018",,11,11.31
25/09/2018,"SOUTH LONDON SQUAS (VIA GOOGLE PAY), ON 21-09-2018",,10,738.2
02/11/2018,"SOUTH LONDON SQUAS (VIA GOOGLE PAY), ON 30-10-2018",,10,1041.32
03/12/2018,"STANDING ORDER PAYMENT TO RENT REFERENCE Vincent Rent, MANDATE NO 14",,550,87.54
25/09/2018,"STANDING ORDER PAYMENT TO RENT REFERENCE Vincent Rent, MANDATE NO 14",,550,187.45
02/11/2018,"STANDING ORDER VIA FASTER PAYMENT TO RENT REFERENCE Vincent Rent , MANDATE NO 0014",,550,491.32
10/07/2018,"STANDING ORDER VIA FASTER PAYMENT TO RENT REFERENCE Vincent Rent , MANDATE NO 0014",,550,1135.43
03/10/2018,"TARO SHOP (VIA GOOGLE PAY), ON 01-10-2018",,8,518.79
10/10/2018,"TARO SHOP (VIA GOOGLE PAY), ON 08-10-2018",,12.9,2131.23
13/10/2018,"TARO SHOP (VIA GOOGLE PAY), ON 11-10-2018",,6.2,2640.53
29/09/2018,"TARO SHOP (VIA GOOGLE PAY), ON 27-09-2018",,8.5,2227.35
30/06/2018,"TARO SHOP (VIA GOOGLE PAY), ON 28-06-2018",,8.5,1494.69
31/10/2018,"TARO SHOP (VIA GOOGLE PAY), ON 29-10-2018",,15.7,235.32
04/12/2018,"TESCO STORES 6427 (VIA GOOGLE PAY), ON 02-12-2018",,22.33,3.81
08/10/2018,"TESCO STORES 6427 (VIA GOOGLE PAY), ON 05-10-2018",,18.4,197.33
09/10/2018,"TESCO STORES 6427 (VIA GOOGLE PAY), ON 07-10-2018",,20.54,284.87
11/07/2018,"TESCO STORES 6427 (VIA GOOGLE PAY), ON 09-07-2018",,22.03,1078.69
15/12/2018,"TESCO STORES 6427 (VIA GOOGLE PAY), ON 13-12-2018",,10.35,437.8
17/07/2018,"TESCO STORES 6427 (VIA GOOGLE PAY), ON 15-07-2018",,8.47,526.94
18/09/2018,"TESCO STORES 6427 (VIA GOOGLE PAY), ON 15-09-2018",,10.3,57.5
18/09/2018,"TESCO STORES 6427 (VIA GOOGLE PAY), ON 15-09-2018",,28.48,67.8
19/12/2018,"TESCO STORES 6427 (VIA GOOGLE PAY), ON 17-12-2018",,20.48,41.02
27/06/2018,"TESCO STORES 6427 (VIA GOOGLE PAY), ON 25-06-2018",,15.75,580.09
31/12/2018,"TESCO STORES 6427 (VIA GOOGLE PAY), ON 28-12-2018",,26.24,857.68
08/12/2018,"TESCO-STORES-6152 (VIA GOOGLE PAY), ON 06-12-2018",,9.85,85.08
04/09/2018,"TFL TRAVEL CH (VIA GOOGLE PAY), ON 01-09-2018",,2.4,321.52
05/11/2018,"TFL TRAVEL CH (VIA GOOGLE PAY), ON 01-11-2018",,6.8,621.08
04/09/2018,"TFL TRAVEL CH (VIA GOOGLE PAY), ON 02-09-2018",,2.4,319.12
06/10/2018,"TFL TRAVEL CH (VIA GOOGLE PAY), ON 04-10-2018",,4.8,215.73
08/08/2018,"TFL TRAVEL CH (VIA GOOGLE PAY), ON 06-08-2018",,2.4,1358.21
11/12/2018,"TFL TRAVEL CH (VIA GOOGLE PAY), ON 07-12-2018",,5.3,98.55
11/09/2018,"TFL TRAVEL CH (VIA GOOGLE PAY), ON 09-09-2018",,2.4,139.88
11/12/2018,"TFL TRAVEL CH (VIA GOOGLE PAY), ON 09-12-2018",,6.8,8.32
12/09/2018,"TFL TRAVEL CH (VIA GOOGLE PAY), ON 10-09-2018",,4.8,-17.72
13/07/2018,"TFL TRAVEL CH (VIA GOOGLE PAY), ON 11-07-2018",,2.4,980.56
13/10/2018,"TFL TRAVEL CH (VIA GOOGLE PAY), ON 11-10-2018",,6.8,2612.92
13/11/2018,"TFL TRAVEL CH (VIA GOOGLE PAY), ON 11-11-2018",,4.6,1001.83
13/12/2018,"TFL TRAVEL CH (VIA GOOGLE PAY), ON 11-12-2018",,5.3,613.02
16/07/2018,"TFL TRAVEL CH (VIA GOOGLE PAY), ON 13-07-2018",,4.8,948.13
16/10/2018,"TFL TRAVEL CH (VIA GOOGLE PAY), ON 13-10-2018",,2.4,2479.47
17/10/2018,"TFL TRAVEL CH (VIA GOOGLE PAY), ON 14-10-2018",,2.4,2448.27
18/09/2018,"TFL TRAVEL CH (VIA GOOGLE PAY), ON 15-09-2018",,5.4,52.1
18/09/2018,"TFL TRAVEL CH (VIA GOOGLE PAY), ON 16-09-2018",,1.5,3.79
18/12/2018,"TFL TRAVEL CH (VIA GOOGLE PAY), ON 16-12-2018",,10.6,81.13
21/08/2018,"TFL TRAVEL CH (VIA GOOGLE PAY), ON 18-08-2018",,4.8,585.25
22/10/2018,"TFL TRAVEL CH (VIA GOOGLE PAY), ON 18-10-2018",,5.3,1743.16
21/11/2018,"TFL TRAVEL CH (VIA GOOGLE PAY), ON 19-11-2018",,5.3,970.65
23/07/2018,"TFL TRAVEL CH (VIA GOOGLE PAY), ON 20-07-2018",,2.4,220.06
23/10/2018,"TFL TRAVEL CH (VIA GOOGLE PAY), ON 21-10-2018",,4.8,1701.37
24/07/2018,"TFL TRAVEL CH (VIA GOOGLE PAY), ON 22-07-2018",,2.4,776.37
24/08/2018,"TFL TRAVEL CH (VIA GOOGLE PAY), ON 22-08-2018",,17,442.54
24/11/2018,"TFL TRAVEL CH (VIA GOOGLE PAY), ON 22-11-2018",,4.8,1521.44
26/11/2018,"TFL TRAVEL CH (VIA GOOGLE PAY), ON 23-11-2018",,1.5,1226.7
26/07/2018,"TFL TRAVEL CH (VIA GOOGLE PAY), ON 24-07-2018",,4.8,1291.29
26/09/2018,"TFL TRAVEL CH (VIA GOOGLE PAY), ON 24-09-2018",,4.8,1525.85
26/10/2018,"TFL TRAVEL CH (VIA GOOGLE PAY), ON 24-10-2018",,8,105.8
27/11/2018,"TFL TRAVEL CH (VIA GOOGLE PAY), ON 24-11-2018",,1.5,393.15
27/10/2018,"TFL TRAVEL CH (VIA GOOGLE PAY), ON 25-10-2018",,5.3,100.5
28/07/2018,"TFL TRAVEL CH (VIA GOOGLE PAY), ON 26-07-2018",,4.8,1653.74
29/10/2018,"TFL TRAVEL CH (VIA GOOGLE PAY), ON 26-10-2018",,6.8,48.85
30/07/2018,"TFL TRAVEL CH (VIA GOOGLE PAY), ON 27-07-2018",,4.8,1641.44
29/12/2018,"TFL TRAVEL CH (VIA GOOGLE PAY), ON 27-12-2018",,2.4,858.92
30/11/2018,"TFL TRAVEL CH (VIA GOOGLE PAY), ON 28-11-2018",,4.8,473.71
03/08/2018,"TFL TRAVEL CH (VIA GOOGLE PAY), ON 31-07-2018",,6.8,1266.27
04/07/2018,"TFL.GOV.UK/CP (VIA GOOGLE PAY), ON 02-07-2018",,2.4,861.49
10/07/2018,"TFL.GOV.UK/CP (VIA GOOGLE PAY), ON 07-07-2018",,2.4,1694.56
11/07/2018,"TFL.GOV.UK/CP (VIA GOOGLE PAY), ON 09-07-2018",,7.8,1070.89
27/06/2018,"TFL.GOV.UK/CP (VIA GOOGLE PAY), ON 25-06-2018",,2.4,547.04
02/07/2018,"TFL.GOV.UK/CP (VIA GOOGLE PAY), ON 29-06-2018",,6.3,1479.42
03/07/2018,"THE TROUT (VIA GOOGLE PAY), ON 30-06-2018",,5.1,990.63
21/08/2018,"TRANSFER FROM MR JOE DAVID SANDERS, REFERENCE J SANDERS",20,,37.15
04/12/2018,TRANSFER FROM MR VINCENT ALBERT WILLIAMS,100,,103.81
03/12/2018,TRANSFER FROM MR VINCENT ALBERT WILLIAMS,700,,637.54
09/11/2018,TRANSFER FROM MR VINCENT ALBERT WILLIAMS,100,,837.47
06/10/2018,TRANSFER FROM MR VINCENT ALBERT WILLIAMS,100,,246.23
03/09/2018,TRANSFER FROM MR VINCENT ALBERT WILLIAMS,100,,95.61
15/08/2018,TRANSFER FROM MR VINCENT ALBERT WILLIAMS,100,,193.72
06/08/2018,TRANSFER FROM MR VINCENT ALBERT WILLIAMS,399,,2561.35
20/08/2018,TRANSFER FROM Payward Ltd.. REF: 0015 1842 696 0019591,290.42,,590.99
10/08/2018,TRANSFER TO KRAKEN PAYWARD LTD. REF: 0015 1029 696 0MGIP13,,310,426.3
26/11/2018,TRANSFER TO MR VINCENT ALBERT WILLIAMS,,700,526.7
02/08/2018,"UCL, LIBRARY (VIA GOOGLE PAY), ON 31-07-2018",,14.8,1248.07
03/11/2018,"UCLU BLOOMSBURY FITNESS (VIA GOOGLE PAY), ON 01-11-2018",,6,460.23
10/12/2018,"UCLU BLOOMSBURY FITNESS (VIA GOOGLE PAY), ON 07-12-2018",,6,73.38
21/12/2018,"UCLU BLOOMSBURY FITNESS (VIA GOOGLE PAY), ON 19-12-2018",,9.5,22.31
24/11/2018,"UCLU BLOOMSBURY FITNESS (VIA GOOGLE PAY), ON 22-11-2018",,6,1526.24
23/10/2018,UNARRANGED OVERDRAFT USAGE FEE,,6,1695.37
28/06/2018,"UNIV' COLL LONDON-ICH (VIA GOOGLE PAY), ON 26-06-2018",,3.29,450.71
21/09/2018,UNPAID STANDING ORDER,,10,76.81
28/06/2018,"WAITROSE 207 (VIA GOOGLE PAY), ON 26-06-2018",,8.34,454
13/10/2018,"WAITROSE 573 (VIA GOOGLE PAY), ON 11-10-2018",,18.31,2622.22
26/07/2018,"WAITROSE 573 (VIA GOOGLE PAY), ON 24-07-2018",,11.36,1296.09
26/10/2018,"WAITROSE 573 (VIA GOOGLE PAY), ON 24-10-2018",,17.29,113.8
26/10/2018,"WAITROSE 573 (VIA GOOGLE PAY), ON 24-10-2018",,15.38,131.09
30/07/2018,"WAITROSE 573 (VIA GOOGLE PAY), ON 27-07-2018",,3.13,1649.61
03/07/2018,"WELCOME B/WAITROSE OXF (VIA GOOGLE PAY), ON 01-07-2018",,35.9,954.73
